name,image-src
"","http://www.stade.fr/medias/resized/daguin_781913046.jpg"
"Emmanuel

                                            FELSINA",""
"","http://www.stade.fr/medias/resized/sempere_1556370958.jpg"
"","http://www.stade.fr/medias/resized/cerqueira-jersey_557079091.jpg"
"Meyer

                                            BOSMAN",""
"","http://www.stade.fr/medias/resized/felsina_207441945.jpg"
"","http://www.stade.fr/medias/resized/bosman_1655155288.jpg"
"Zurabi

                                            ZHVANIA",""
"Steevy

                                            CERQUEIRA",""
"","http://www.stade.fr/medias/resized/taulafo_875795034.jpg"
"Jimmy

                                            YOBO",""
"Laurent

                                            PANIS",""
"","http://www.stade.fr/medias/resized/martial-jersey_1808985034.jpg"
"","http://www.stade.fr/medias/resized/tony-ensor-jersey_1389293317.jpg"
"Terry

                                            BOUHRAOUA",""
"","http://www.stade.fr/medias/resized/de-giovanni_1244068398.jpg"
"Jules

                                            PLISSON",""
"","http://www.stade.fr/medias/resized/panis_2136759423.jpg"
"","http://www.stade.fr/medias/resized/pyle_293116700.jpg"
"","http://www.stade.fr/medias/resized/camara_1724356089.jpg"
"Sakaria

                                            TAULAFO",""
"Paul

                                            WILLIAMS",""
"Romain

                                            MARTIAL",""
"","http://www.stade.fr/medias/resized/alberts_1075154554.jpg"
"Bakary

                                            MÉITÉ",""
"Sylvain

                                            NICOLAS",""
"Tony 

                                            ENSOR",""
"","http://www.stade.fr/medias/resized/yobo-jersey_1356726373.jpg"
"Willem

                                            ALBERTS",""
"","http://www.stade.fr/medias/resized/flanquart_1950542493.jpg"
"","http://www.stade.fr/medias/resized/burban_1364012198.jpg"
"","http://www.stade.fr/medias/resized/nicolas_307304391.jpg"
"Rémi

                                            BONFILS",""
"Heinke

                                            VAN DER MERWE",""
"","http://www.stade.fr/medias/resized/van-der-merwe_1900779680.jpg"
"","http://www.stade.fr/medias/resized/alo-emile_919415052.jpg"
"","http://www.stade.fr/medias/resized/bonfils_220801022.jpg"
"Waisea

                                            NAYACALEVU",""
"","http://www.stade.fr/medias/resized/gabrillagues_1316984781.jpg"
"Antoine

                                            BURBAN",""
"","http://www.stade.fr/medias/resized/waisea_1574219448.jpg"
"Julien

                                            ARIAS",""
"","http://www.stade.fr/medias/resized/meite02-jersey_1482087420.jpg"
"","http://www.stade.fr/medias/resized/zhvania_2126010867.jpg"
"Marvin

                                            O'CONNOR",""
"Paul

                                            ALO-EMILE",""
"Laurent

                                            SEMPÉRÉ",""
"","http://www.stade.fr/medias/resized/parisse_690437977.jpg"
"Craig

                                            BURDEN",""
"","http://www.stade.fr/medias/resized/marvin-oconnor_1293865137.jpg"
"","http://www.stade.fr/medias/resized/williams_708893420.jpg"
"","http://www.stade.fr/medias/resized/plisson_519710241.jpg"
"Jean-Baptiste

                                            DE CLERCQ",""
"","http://www.stade.fr/medias/resized/danty_1724751291.jpg"
"","http://www.stade.fr/medias/resized/declercq_1672932118.jpg"
"","http://www.stade.fr/medias/resized/mc-leod-jersey_1944426546.jpg"
"Mathieu

                                            DE GIOVANNI",""
"","http://www.stade.fr/medias/resized/burden_437611992.jpg"
"Alexandre

                                            FLANQUART",""
"","http://www.stade.fr/medias/resized/steyn_1394377452.jpg"
"Clément

                                            DAGUIN",""
"Charl

                                            MCLEOD",""
"Lorenzo

                                            CITTADINI",""
"Sergio

                                            PARISSE",""
"","http://www.stade.fr/medias/resized/bouhraoua-jersey_457380127.jpg"
"Morné

                                            STEYN",""
"Paul

                                            GABRILLAGUES",""
"","http://www.stade.fr/medias/resized/cittadini-jersey_471525017.jpg"
"Djibril

                                            CAMARA",""
"Jonathan

                                            DANTY",""
"Hugh

                                            PYLE",""
"","http://www.stade.fr/medias/resized/arias_1027379295.jpg"
